subr,year,obj_type,num_of_obj
paleoconservative,2012,comm,906
conservative,2012,comm,258355
chomsky,2012,comm,1271
debateacommunist,2012,comm,62586
debatecommunism,2012,comm,1688
anarchism,2012,comm,164257
askaconservative,2012,comm,2188
communism,2012,comm,28095
libertariansocialism,2012,comm,287
libertarianleft,2012,comm,3360
liberal,2012,comm,16650
greenparty,2012,comm,2753
progressive,2012,comm,36619
conservatives,2012,comm,4605
anarchafeminism,2012,comm,172
ndp,2012,comm,61
anarchocommunism,2012,comm,114
politicalhumor,2012,comm,23875
tuesday,2012,comm,1
enoughlibertarianspam,2012,comm,2817
democrat,2012,comm,61
circlebroke2,2012,comm,22619
socialism,2012,comm,63556
elizabethwarren,2012,comm,10
communism101,2012,comm,1132
metacanada,2012,comm,32049
socialdemocracy,2012,comm,929
shitliberalssay,2012,comm,5
republican,2012,comm,80086
circlebroke,2012,comm,179766
anarchy101,2012,comm,5870
askaliberal,2012,comm,8
iww,2012,comm,335
shitpoliticssays,2012,comm,2459
liberal,2013,comm,28201
libertarianleft,2013,comm,1841
libertariansocialism,2013,comm,352
communism,2013,comm,17295
debateanarchism,2013,comm,13775
askaconservative,2013,comm,5687
anarchism,2013,comm,148707
debatecommunism,2013,comm,11316
debateacommunist,2013,comm,30424
chomsky,2013,comm,2582
sandersforpresident,2013,comm,229
conservative,2013,comm,190229
paleoconservative,2013,comm,1115
ndp,2013,comm,74
anarchafeminism,2013,comm,213
conservatives,2013,comm,25479
progressive,2013,comm,33601
greenparty,2013,comm,875
elizabethwarren,2013,comm,14
socialism,2013,comm,105190
fullcommunism,2013,comm,287
circlebroke2,2013,comm,29796
enoughlibertarianspam,2013,comm,45039
democrat,2013,comm,202
politicalhumor,2013,comm,37132
anarchocommunism,2013,comm,105
shitpoliticssays,2013,comm,20441
iww,2013,comm,563
askaliberal,2013,comm,12
anarchy101,2013,comm,15627
antiwork,2013,comm,86
circlebroke,2013,comm,128874
republican,2013,comm,36733
socialdemocracy,2013,comm,638
metacanada,2013,comm,53545
communism101,2013,comm,6693
progressive,2014,comm,35799
greenparty,2014,comm,942
anarchafeminism,2014,comm,342
ndp,2014,comm,485
conservatives,2014,comm,21129
chomsky,2014,comm,2973
debateacommunist,2014,comm,15184
paleoconservative,2014,comm,700
conservative,2014,comm,189394
sandersforpresident,2014,comm,2552
libertarianleft,2014,comm,1674
liberal,2014,comm,27982
debatecommunism,2014,comm,3152
anarchism,2014,comm,137154
askaconservative,2014,comm,17262
debateanarchism,2014,comm,24912
communism,2014,comm,10984
libertariansocialism,2014,comm,377
communism101,2014,comm,8619
antiwork,2014,comm,158
anarchy101,2014,comm,18134
askaliberal,2014,comm,126
iww,2014,comm,380
shitpoliticssays,2014,comm,25736
metacanada,2014,comm,37524
topmindsofreddit,2014,comm,50
socialdemocracy,2014,comm,980
shitliberalssay,2014,comm,1709
republican,2014,comm,20382
circlebroke,2014,comm,106943
politicalhumor,2014,comm,29391
cringeanarchy,2014,comm,1555
anarchocommunism,2014,comm,447
fullcommunism,2014,comm,1781
socialism,2014,comm,170267
elizabethwarren,2014,comm,75
enoughlibertarianspam,2014,comm,108756
democrat,2014,comm,70
circlebroke2,2014,comm,25590
conservatives,2015,comm,19030
ani_communism,2015,comm,102
ndp,2015,comm,2089
anarchafeminism,2015,comm,178
socialistra,2015,comm,188
greenparty,2015,comm,1181
enoughtrumpspam,2015,comm,9
progressive,2015,comm,39865
libertariansocialism,2015,comm,406
communism,2015,comm,16095
debateanarchism,2015,comm,31099
askaconservative,2015,comm,16014
anarchism,2015,comm,164829
debatecommunism,2015,comm,5950
liberal,2015,comm,27810
libertarianleft,2015,comm,827
sandersforpresident,2015,comm,953441
conservative,2015,comm,258128
paleoconservative,2015,comm,263
debateacommunist,2015,comm,14896
chomsky,2015,comm,4851
circlebroke,2015,comm,140439
republican,2015,comm,37509
shitliberalssay,2015,comm,24420
socialdemocracy,2015,comm,1836
topmindsofreddit,2015,comm,64034
metacanada,2015,comm,79049
shitpoliticssays,2015,comm,43418
iww,2015,comm,386
askaliberal,2015,comm,293
anarchy101,2015,comm,14134
antiwork,2015,comm,514
latestagecapitalism,2015,comm,9783
communism101,2015,comm,12791
circlebroke2,2015,comm,38148
enoughlibertarianspam,2015,comm,102430
democrat,2015,comm,203
againsthatesubreddits,2015,comm,8735
elizabethwarren,2015,comm,94
socialism,2015,comm,203629
fullcommunism,2015,comm,97824
anarchosyndicalism,2015,comm,23
anarchocommunism,2015,comm,650
cringeanarchy,2015,comm,403931
socialism_101,2015,comm,3088
politicalhumor,2015,comm,35330
completeanarchy,2015,comm,773
tuesday,2016,comm,4
socialism_101,2016,comm,7873
politicalhumor,2016,comm,118991
louderwithcrowder,2016,comm,339
completeanarchy,2016,comm,24703
anarchocommunism,2016,comm,442
conservativesonly,2016,comm,4169
cringeanarchy,2016,comm,1230306
elizabethwarren,2016,comm,324
socialism,2016,comm,288278
fullcommunism,2016,comm,214086
ourpresident,2016,comm,6246
bannedfromthe_donald,2016,comm,11574
bluemidterm2018,2016,comm,4086
anarchosyndicalism,2016,comm,15
circlebroke2,2016,comm,115819
fuckthealtright,2016,comm,2789
democrat,2016,comm,416
enoughlibertarianspam,2016,comm,74667
conservativelounge,2016,comm,1090
againsthatesubreddits,2016,comm,57978
tulsi,2016,comm,4313
communism101,2016,comm,22542
chapotraphouse,2016,comm,3062
shitpoliticssays,2016,comm,50825
rightwinglgbt,2016,comm,9511
iww,2016,comm,849
askaliberal,2016,comm,964
anarchy101,2016,comm,19241
latestagecapitalism,2016,comm,232187
antiwork,2016,comm,699
latestagesocialism,2016,comm,82
circlebroke,2016,comm,76459
republican,2016,comm,83588
shitliberalssay,2016,comm,52260
socialdemocracy,2016,comm,2856
shitthe_donaldSays,2016,comm,13
topmindsofreddit,2016,comm,85113
metacanada,2016,comm,121397
debateacommunist,2016,comm,6305
chomsky,2016,comm,6002
sandersforpresident,2016,comm,3418584
conservative,2016,comm,549964
paleoconservative,2016,comm,375
selfawarewolves,2016,comm,14
liberal,2016,comm,29466
accidentallycommunist,2016,comm,11
libertarianleft,2016,comm,641
neoliberal,2016,comm,1
impeach_trump,2016,comm,4607
thenewright,2016,comm,53
libertariansocialism,2016,comm,592
communism,2016,comm,23091
debateanarchism,2016,comm,28085
wayofthebern,2016,comm,191673
political_revolution,2016,comm,207934
askaconservative,2016,comm,14566
anarchism,2016,comm,182712
debatecommunism,2016,comm,10298
progressive,2016,comm,51903
jordanpeterson,2016,comm,156
socialistra,2016,comm,1133
greenparty,2016,comm,6920
enoughtrumpspam,2016,comm,962701
ndp,2016,comm,2652
anarchafeminism,2016,comm,130
conservatives,2016,comm,20056
ani_communism,2016,comm,575
leftwithoutedge,2016,comm,3631
againsthatesubreddits,2017,comm,110563
conservativelounge,2017,comm,3211
fuckthealtright,2017,comm,259138
democrat,2017,comm,810
enoughlibertarianspam,2017,comm,42089
circlebroke2,2017,comm,166562
demsocialists,2017,comm,1014
bluemidterm2018,2017,comm,167966
anarchosyndicalism,2017,comm,40
ourpresident,2017,comm,57305
bannedfromthe_donald,2017,comm,124124
fullcommunism,2017,comm,208168
socialism,2017,comm,284341
elizabethwarren,2017,comm,176
cringeanarchy,2017,comm,1250764
conservativesonly,2017,comm,5278
anarchocommunism,2017,comm,1116
completeanarchy,2017,comm,151251
louderwithcrowder,2017,comm,1519
politicalhumor,2017,comm,1037582
tuesday,2017,comm,13711
socialism_101,2017,comm,21317
metacanada,2017,comm,194843
topmindsofreddit,2017,comm,226133
shitthe_donaldSays,2017,comm,16791
socialdemocracy,2017,comm,2621
shitliberalssay,2017,comm,93914
republican,2017,comm,74275
circlebroke,2017,comm,15551
latestagesocialism,2017,comm,1711
chapotraphouse2,2017,comm,407
latestagecapitalism,2017,comm,608357
antiwork,2017,comm,443
anarchy101,2017,comm,30472
askaliberal,2017,comm,81274
rightwinglgbt,2017,comm,50045
iww,2017,comm,1045
shitpoliticssays,2017,comm,221377
chapotraphouse,2017,comm,825613
communism101,2017,comm,29899
centerleftpolitics,2017,comm,24192
onguardforthee,2017,comm,36840
tulsi,2017,comm,3216
debatecommunism,2017,comm,65192
anarchism,2017,comm,223722
marchagainsttrump,2017,comm,476630
askaconservative,2017,comm,36817
political_revolution,2017,comm,188712
debateanarchism,2017,comm,24298
wayofthebern,2017,comm,399436
communism,2017,comm,36184
esist,2017,comm,429962
libertariansocialism,2017,comm,766
impeach_trump,2017,comm,85446
thenewright,2017,comm,32398
neoliberal,2017,comm,1424440
accidentallycommunist,2017,comm,1108
libertarianleft,2017,comm,754
liberal,2017,comm,25199
enlightenedcentrism,2017,comm,226
selfawarewolves,2017,comm,104
paleoconservative,2017,comm,298
the_mueller,2017,comm,57225
conservative,2017,comm,646418
sandersforpresident,2017,comm,401021
chomsky,2017,comm,9692
debateacommunist,2017,comm,1102
keep_track,2017,comm,3728
leftwithoutedge,2017,comm,12571
ani_communism,2017,comm,3031
conservatives,2017,comm,22177
anarchafeminism,2017,comm,106
russialago,2017,comm,22345
ndp,2017,comm,6956
newpatriotism,2017,comm,11031
benshapiro,2017,comm,104
enoughtrumpspam,2017,comm,816533
greenparty,2017,comm,2547
toiletpaperusa,2017,comm,177
socialistra,2017,comm,19415
jordanpeterson,2017,comm,186320
antifascistsofreddit,2017,comm,59
progressive,2017,comm,21651
benshapiro,2018,comm,4981
newpatriotism,2018,comm,13421
toiletpaperusa,2018,comm,43225
greenparty,2018,comm,3488
enoughtrumpspam,2018,comm,190592
socialistra,2018,comm,29608
jordanpeterson,2018,comm,764756
antifascistsofreddit,2018,comm,9292
voteblue,2018,comm,59117
progressive,2018,comm,18062
leftwithoutedge,2018,comm,8153
yangforpresidenthq,2018,comm,16
ani_communism,2018,comm,2683
conservatives,2018,comm,28545
anarchafeminism,2018,comm,48
russialago,2018,comm,139103
ndp,2018,comm,3464
paleoconservative,2018,comm,315
pete_buttigieg,2018,comm,10
the_mueller,2018,comm,536662
conservative,2018,comm,769350
sandersforpresident,2018,comm,132076
chomsky,2018,comm,20265
debateacommunist,2018,comm,1989
keep_track,2018,comm,39429
debatecommunism,2018,comm,77827
anarchism,2018,comm,147620
askaconservative,2018,comm,53634
marchagainsttrump,2018,comm,73714
wayofthebern,2018,comm,325444
debateanarchism,2018,comm,14577
political_revolution,2018,comm,87580
walkaway,2018,comm,50412
communism,2018,comm,62231
thenewright,2018,comm,46260
impeach_trump,2018,comm,42710
esist,2018,comm,207961
libertariansocialism,2018,comm,823
libertarianleft,2018,comm,815
accidentallycommunist,2018,comm,4605
neoliberal,2018,comm,2062987
liberal,2018,comm,51721
selfawarewolves,2018,comm,28908
enlightenedcentrism,2018,comm,83502
communism101,2018,comm,54750
breadtube,2018,comm,24418
centerleftpolitics,2018,comm,159347
ironfrontusa,2018,comm,991
onguardforthee,2018,comm,153363
stupidpol,2018,comm,49969
tulsi,2018,comm,1285
topmindsofreddit,2018,comm,539028
metacanada,2018,comm,312220
shitthe_donaldSays,2018,comm,9060
shitliberalssay,2018,comm,100026
socialdemocracy,2018,comm,2488
circlebroke,2018,comm,5519
republican,2018,comm,53094
chapotraphouse2,2018,comm,658
latestagesocialism,2018,comm,4958
antiwork,2018,comm,7666
threearrows,2018,comm,351
latestagecapitalism,2018,comm,666556
askaliberal,2018,comm,180941
anarchy101,2018,comm,34794
beto2020,2018,comm,2906
shitpoliticssays,2018,comm,321087
iww,2018,comm,1927
rightwinglgbt,2018,comm,74370
chapotraphouse,2018,comm,2672739
cringeanarchy,2018,comm,2515689
anarchocommunism,2018,comm,1674
conservativesonly,2018,comm,5378
completeanarchy,2018,comm,321569
louderwithcrowder,2018,comm,14044
politicalhumor,2018,comm,1990422
democraticsocialism,2018,comm,3891
tuesday,2018,comm,61591
socialism_101,2018,comm,21635
againsthatesubreddits,2018,comm,120416
enoughlibertarianspam,2018,comm,36573
democrat,2018,comm,1084
fuckthealtright,2018,comm,225145
conservativelounge,2018,comm,909
circlebroke2,2018,comm,130013
pragerurine,2018,comm,2357
fragilewhiteredditor,2018,comm,23930
demsocialists,2018,comm,7617
bannedfromthe_donald,2018,comm,38064
ourpresident,2018,comm,22141
anarchosyndicalism,2018,comm,60
bluemidterm2018,2018,comm,425576
socialism,2018,comm,217822
fullcommunism,2018,comm,50182
elizabethwarren,2018,comm,349
ndp,2019,comm,12872
russialago,2019,comm,65834
anarchafeminism,2019,comm,70
conservatives,2019,comm,57498
ani_communism,2019,comm,5967
yangforpresidenthq,2019,comm,1186208
leftwithoutedge,2019,comm,22762
progressive,2019,comm,16561
voteblue,2019,comm,176369
antifastonetoss,2019,comm,86055
antifascistsofreddit,2019,comm,76656
jordanpeterson,2019,comm,721099
socialistra,2019,comm,65622
enoughtrumpspam,2019,comm,84450
toiletpaperusa,2019,comm,187424
greenparty,2019,comm,3148
newpatriotism,2019,comm,13640
benshapiro,2019,comm,24127
enlightenedcentrism,2019,comm,456263
selfawarewolves,2019,comm,381210
liberal,2019,comm,27353
dankleft,2019,comm,66193
neoliberal,2019,comm,1806492
libertarianleft,2019,comm,1532
accidentallycommunist,2019,comm,27812
esist,2019,comm,94551
libertariansocialism,2019,comm,868
thenewright,2019,comm,51681
impeach_trump,2019,comm,52574
communism,2019,comm,87016
walkaway,2019,comm,14340
political_revolution,2019,comm,91787
wayofthebern,2019,comm,460005
debateanarchism,2019,comm,16158
marchagainsttrump,2019,comm,35977
askaconservative,2019,comm,97496
anarchism,2019,comm,153527
debatecommunism,2019,comm,51809
keep_track,2019,comm,39446
presidentialracememes,2019,comm,68961
debateacommunist,2019,comm,961
chomsky,2019,comm,31642
sandersforpresident,2019,comm,794070
the_mueller,2019,comm,465455
conservative,2019,comm,1035635
moretankiechapo,2019,comm,104738
pete_buttigieg,2019,comm,354690
paleoconservative,2019,comm,51
chapotraphouse,2019,comm,4259522
iww,2019,comm,6034
rightwinglgbt,2019,comm,116225
shitpoliticssays,2019,comm,302302
beto2020,2019,comm,98518
anarchy101,2019,comm,58006
askaliberal,2019,comm,246792
antiwork,2019,comm,153661
threearrows,2019,comm,1867
latestagecapitalism,2019,comm,548841
latestagesocialism,2019,comm,3332
chapotraphouse2,2019,comm,193880
republican,2019,comm,79644
circlebroke,2019,comm,2136
socialdemocracy,2019,comm,6974
shitliberalssay,2019,comm,151488
shitthe_donaldSays,2019,comm,8564
metacanada,2019,comm,384382
topmindsofreddit,2019,comm,730083
tulsi,2019,comm,79041
stupidpol,2019,comm,491588
onguardforthee,2019,comm,277127
ironfrontusa,2019,comm,11598
centerleftpolitics,2019,comm,548136
breadtube,2019,comm,264484
communism101,2019,comm,70992
elizabethwarren,2019,comm,91846
fullcommunism,2019,comm,19273
socialism,2019,comm,189448
anarchosyndicalism,2019,comm,72
bluemidterm2018,2019,comm,2585
bannedfromthe_donald,2019,comm,37219
ourpresident,2019,comm,88124
demsocialists,2019,comm,7243
pragerurine,2019,comm,24996
fragilewhiteredditor,2019,comm,211122
circlebroke2,2019,comm,118336
conservativelounge,2019,comm,250
enoughlibertarianspam,2019,comm,47964
democrat,2019,comm,754
fuckthealtright,2019,comm,165529
againsthatesubreddits,2019,comm,120630
tuesday,2019,comm,118482
socialism_101,2019,comm,43613
democraticsocialism,2019,comm,87565
politicalhumor,2019,comm,2700613
louderwithcrowder,2019,comm,59357
completeanarchy,2019,comm,318122
conservativesonly,2019,comm,6052
anarchocommunism,2019,comm,3546
cringeanarchy,2019,comm,121318
conservativesonly,2020,comm,5556
anarchocommunism,2020,comm,2563
louderwithcrowder,2020,comm,30012
completeanarchy,2020,comm,99195
socialism_101,2020,comm,36962
tuesday,2020,comm,42913
politicalhumor,2020,comm,1310920
democraticsocialism,2020,comm,85892
conservativelounge,2020,comm,76
enoughlibertarianspam,2020,comm,30095
democrat,2020,comm,963
fuckthealtright,2020,comm,48545
againsthatesubreddits,2020,comm,52806
circlebroke2,2020,comm,26959
pragerurine,2020,comm,11728
fragilewhiteredditor,2020,comm,203893
anarchosyndicalism,2020,comm,206
bluemidterm2018,2020,comm,10
bannedfromthe_donald,2020,comm,12698
ourpresident,2020,comm,250525
fullcommunism,2020,comm,8857
socialism,2020,comm,75566
demsocialists,2020,comm,5111
elizabethwarren,2020,comm,139535
breadtube,2020,comm,85233
communism101,2020,comm,21477
centerleftpolitics,2020,comm,46360
ironfrontusa,2020,comm,8624
stupidpol,2020,comm,468215
tulsi,2020,comm,27142
onguardforthee,2020,comm,168072
shitthe_donaldSays,2020,comm,1302
socialdemocracy,2020,comm,5237
shitliberalssay,2020,comm,93278
metacanada,2020,comm,168159
topmindsofreddit,2020,comm,210083
latestagesocialism,2020,comm,1601
chapotraphouse2,2020,comm,37439
republican,2020,comm,47405
circlebroke,2020,comm,579
anarchy101,2020,comm,42970
askaliberal,2020,comm,131126
antiwork,2020,comm,123491
latestagecapitalism,2020,comm,308242
threearrows,2020,comm,813
chapotraphouse,2020,comm,2647649
iww,2020,comm,5149
rightwinglgbt,2020,comm,51788
shitpoliticssays,2020,comm,130932
moretankiechapo,2020,comm,106830
pete_buttigieg,2020,comm,433639
paleoconservative,2020,comm,316
sandersforpresident,2020,comm,1222455
conservative,2020,comm,834401
the_mueller,2020,comm,86279
presidentialracememes,2020,comm,467689
debateacommunist,2020,comm,506
chomsky,2020,comm,27567
keep_track,2020,comm,13664
anarchism,2020,comm,76563
marchagainsttrump,2020,comm,15768
askaconservative,2020,comm,66951
debatecommunism,2020,comm,27707
communism,2020,comm,26342
libertariansocialism,2020,comm,954
esist,2020,comm,29081
thenewright,2020,comm,31734
impeach_trump,2020,comm,24137
political_revolution,2020,comm,90912
wayofthebern,2020,comm,560329
debateanarchism,2020,comm,13540
walkaway,2020,comm,6966
liberal,2020,comm,15359
neoliberal,2020,comm,2091652
libertarianleft,2020,comm,1909
accidentallycommunist,2020,comm,19048
dankleft,2020,comm,77649
enlightenedcentrism,2020,comm,213585
selfawarewolves,2020,comm,363969
socialistra,2020,comm,63694
newpatriotism,2020,comm,7566
benshapiro,2020,comm,6905
enoughtrumpspam,2020,comm,31532
toiletpaperusa,2020,comm,177241
greenparty,2020,comm,9559
antifascistsofreddit,2020,comm,44465
antifastonetoss,2020,comm,31506
jordanpeterson,2020,comm,194022
voteblue,2020,comm,69278
progressive,2020,comm,6362
leftwithoutedge,2020,comm,7721
conservatives,2020,comm,47101
yangforpresidenthq,2020,comm,519450
ani_communism,2020,comm,2124
russialago,2020,comm,20997
anarchafeminism,2020,comm,113
ndp,2020,comm,2982
politics,2012,comm,5869230
politics,2013,comm,4563669
politics,2014,comm,2675780
politics,2015,comm,4194750
politics,2016,comm,19504248
politics,2017,comm,21066538
politics,2018,comm,21223711
politics,2019,comm,24710743
politics,2020,comm,13988622
the_donald,2015,comm,16741
the_donald,2016,comm,11631223
the_donald,2017,comm,13980307
the_donald,2018,comm,10928645
the_donald,2019,comm,9433551
the_donald,2020,comm,1516820
anarchism,2012,subm,12161
anarchocommunism,2012,subm,25
communism,2012,subm,3872
conservatives,2012,subm,748
shitliberalssay,2012,subm,7
socialdemocracy,2012,subm,727
progressive,2012,subm,12467
libertariansocialism,2012,subm,55
politics,2012,subm,436811
republican,2012,subm,7685
metacanada,2012,subm,4398
democrat,2012,subm,75
anarchy101,2012,subm,410
ndp,2012,subm,88
conservative,2012,subm,28030
elizabethwarren,2012,subm,38
enoughlibertarianspam,2012,subm,318
tuesday,2012,subm,4
politicalhumor,2012,subm,16795
shitpoliticssays,2012,subm,337
communism101,2012,subm,150
anarchafeminism,2012,subm,75
greenparty,2012,subm,918
socialism,2012,subm,7184
debateacommunist,2012,subm,1195
paleoconservative,2012,subm,750
askaconservative,2012,subm,109
circlebroke,2012,subm,4865
askaliberal,2012,subm,4
libertarianleft,2012,subm,455
iww,2012,subm,265
debatecommunism,2012,subm,67
liberal,2012,subm,4358
circlebroke2,2012,subm,1908
chomsky,2012,subm,385
neoliberal,2012,subm,2
anarchy101,2013,subm,780
democrat,2013,subm,95
metacanada,2013,subm,7586
republican,2013,subm,7448
politics,2013,subm,258948
libertariansocialism,2013,subm,61
socialdemocracy,2013,subm,303
progressive,2013,subm,9662
shitliberalssay,2013,subm,1
conservatives,2013,subm,5172
anarchocommunism,2013,subm,45
communism,2013,subm,3548
anarchism,2013,subm,10321
shitpoliticssays,2013,subm,1656
politicalhumor,2013,subm,8669
antiwork,2013,subm,65
sandersforpresident,2013,subm,46
enoughlibertarianspam,2013,subm,2802
elizabethwarren,2013,subm,23
ndp,2013,subm,47
conservative,2013,subm,35272
askaliberal,2013,subm,5
circlebroke,2013,subm,2726
paleoconservative,2013,subm,975
askaconservative,2013,subm,266
socialism,2013,subm,10148
debateacommunist,2013,subm,710
greenparty,2013,subm,571
anarchafeminism,2013,subm,79
communism101,2013,subm,1129
chomsky,2013,subm,669
circlebroke2,2013,subm,3667
anarchosyndicalism,2013,subm,3
liberal,2013,subm,4752
debateanarchism,2013,subm,272
debatecommunism,2013,subm,435
fullcommunism,2013,subm,180
iww,2013,subm,301
libertarianleft,2013,subm,299
enoughlibertarianspam,2014,subm,4933
ndp,2014,subm,125
conservative,2014,subm,36812
elizabethwarren,2014,subm,46
tuesday,2014,subm,4
politicalhumor,2014,subm,7488
shitpoliticssays,2014,subm,1279
sandersforpresident,2014,subm,455
antiwork,2014,subm,126
topmindsofreddit,2014,subm,26
shitliberalssay,2014,subm,324
socialdemocracy,2014,subm,454
progressive,2014,subm,9166
libertariansocialism,2014,subm,98
politics,2014,subm,126420
anarchism,2014,subm,11139
communism,2014,subm,2510
anarchocommunism,2014,subm,105
conservatives,2014,subm,5199
democrat,2014,subm,115
anarchy101,2014,subm,912
republican,2014,subm,5139
metacanada,2014,subm,6939
fullcommunism,2014,subm,508
debatecommunism,2014,subm,164
debateanarchism,2014,subm,414
liberal,2014,subm,5391
libertarianleft,2014,subm,373
iww,2014,subm,223
chomsky,2014,subm,651
anarchosyndicalism,2014,subm,17
cringeanarchy,2014,subm,245
circlebroke2,2014,subm,3263
socialism,2014,subm,14373
debateacommunist,2014,subm,378
communism101,2014,subm,1221
anarchafeminism,2014,subm,154
greenparty,2014,subm,392
askaliberal,2014,subm,18
paleoconservative,2014,subm,473
askaconservative,2014,subm,664
circlebroke,2014,subm,2322
topmindsofreddit,2015,subm,4526
completeanarchy,2015,subm,246
antiwork,2015,subm,288
sandersforpresident,2015,subm,64050
shitpoliticssays,2015,subm,2291
politicalhumor,2015,subm,11792
elizabethwarren,2015,subm,61
ndp,2015,subm,520
conservative,2015,subm,36935
enoughlibertarianspam,2015,subm,5006
againsthatesubreddits,2015,subm,560
metacanada,2015,subm,10713
republican,2015,subm,6307
anarchy101,2015,subm,1077
democrat,2015,subm,121
conservatives,2015,subm,7052
communism,2015,subm,2840
anarchocommunism,2015,subm,213
ani_communism,2015,subm,51
socialistra,2015,subm,51
anarchism,2015,subm,13873
politics,2015,subm,148492
libertariansocialism,2015,subm,292
socialdemocracy,2015,subm,721
progressive,2015,subm,11677
shitliberalssay,2015,subm,2798
circlebroke2,2015,subm,4060
cringeanarchy,2015,subm,21695
anarchosyndicalism,2015,subm,155
socialism_101,2015,subm,404
chomsky,2015,subm,810
iww,2015,subm,443
libertarianleft,2015,subm,256
the_donald,2015,subm,3272
liberal,2015,subm,6714
debateanarchism,2015,subm,691
debatecommunism,2015,subm,315
fullcommunism,2015,subm,8403
circlebroke,2015,subm,3813
paleoconservative,2015,subm,376
askaconservative,2015,subm,861
askaliberal,2015,subm,39
enoughtrumpspam,2015,subm,39
greenparty,2015,subm,402
anarchafeminism,2015,subm,149
communism101,2015,subm,1952
latestagecapitalism,2015,subm,1402
socialism,2015,subm,16740
debateacommunist,2015,subm,398
latestagecapitalism,2016,subm,12718
rightwinglgbt,2016,subm,1199
leftwithoutedge,2016,subm,2540
debateacommunist,2016,subm,201
socialism,2016,subm,22249
bannedfromthe_donald,2016,subm,1571
greenparty,2016,subm,1894
anarchafeminism,2016,subm,123
communism101,2016,subm,3038
latestagesocialism,2016,subm,15
askaliberal,2016,subm,72
jordanpeterson,2016,subm,43
enoughtrumpspam,2016,subm,79216
shitthe_donaldSays,2016,subm,9
circlebroke,2016,subm,1188
askaconservative,2016,subm,843
paleoconservative,2016,subm,666
liberal,2016,subm,7922
debateanarchism,2016,subm,738
debatecommunism,2016,subm,580
fullcommunism,2016,subm,20036
iww,2016,subm,528
selfawarewolves,2016,subm,14
libertarianleft,2016,subm,306
the_donald,2016,subm,1422233
accidentallycommunist,2016,subm,7
socialism_101,2016,subm,1012
neoliberal,2016,subm,2
chomsky,2016,subm,996
ourpresident,2016,subm,455
conservativelounge,2016,subm,98
circlebroke2,2016,subm,7442
cringeanarchy,2016,subm,51371
anarchosyndicalism,2016,subm,156
chapotraphouse,2016,subm,361
politics,2016,subm,394617
libertariansocialism,2016,subm,310
political_revolution,2016,subm,18874
socialdemocracy,2016,subm,1084
progressive,2016,subm,12482
shitliberalssay,2016,subm,5442
conservatives,2016,subm,7909
anarchocommunism,2016,subm,209
communism,2016,subm,4874
socialistra,2016,subm,108
ani_communism,2016,subm,179
anarchism,2016,subm,14098
anarchy101,2016,subm,1540
democrat,2016,subm,246
louderwithcrowder,2016,subm,464
conservativesonly,2016,subm,5928
metacanada,2016,subm,13676
republican,2016,subm,10537
tulsi,2016,subm,323
enoughlibertarianspam,2016,subm,4113
againsthatesubreddits,2016,subm,2977
fuckthealtright,2016,subm,430
elizabethwarren,2016,subm,108
impeach_trump,2016,subm,1440
ndp,2016,subm,652
conservative,2016,subm,49423
bluemidterm2018,2016,subm,259
shitpoliticssays,2016,subm,3779
politicalhumor,2016,subm,28073
tuesday,2016,subm,5
wayofthebern,2016,subm,14110
topmindsofreddit,2016,subm,4835
completeanarchy,2016,subm,2962
antiwork,2016,subm,402
sandersforpresident,2016,subm,169478
thenewright,2016,subm,78
askaconservative,2017,subm,1810
paleoconservative,2017,subm,529
circlebroke,2017,subm,660
toiletpaperusa,2017,subm,64
esist,2017,subm,31483
shitthe_donaldSays,2017,subm,1814
jordanpeterson,2017,subm,11303
enoughtrumpspam,2017,subm,96080
askaliberal,2017,subm,1966
latestagesocialism,2017,subm,233
russialago,2017,subm,1888
communism101,2017,subm,4073
marchagainsttrump,2017,subm,29831
anarchafeminism,2017,subm,114
greenparty,2017,subm,1944
benshapiro,2017,subm,20
bannedfromthe_donald,2017,subm,7966
debateacommunist,2017,subm,80
socialism,2017,subm,22387
leftwithoutedge,2017,subm,6665
rightwinglgbt,2017,subm,3181
centerleftpolitics,2017,subm,533
latestagecapitalism,2017,subm,31685
anarchosyndicalism,2017,subm,133
cringeanarchy,2017,subm,71705
circlebroke2,2017,subm,7191
conservativelounge,2017,subm,333
ourpresident,2017,subm,2202
neoliberal,2017,subm,16621
chomsky,2017,subm,1279
socialism_101,2017,subm,2112
accidentallycommunist,2017,subm,140
the_donald,2017,subm,1571700
libertarianleft,2017,subm,365
selfawarewolves,2017,subm,48
iww,2017,subm,541
keep_track,2017,subm,249
demsocialists,2017,subm,898
fullcommunism,2017,subm,22111
debatecommunism,2017,subm,2262
debateanarchism,2017,subm,829
liberal,2017,subm,6251
republican,2017,subm,7454
newpatriotism,2017,subm,1076
metacanada,2017,subm,23355
conservativesonly,2017,subm,10294
democrat,2017,subm,281
louderwithcrowder,2017,subm,894
anarchy101,2017,subm,2420
onguardforthee,2017,subm,2777
anarchism,2017,subm,16513
socialistra,2017,subm,1008
ani_communism,2017,subm,621
anarchocommunism,2017,subm,180
communism,2017,subm,8369
conservatives,2017,subm,8194
shitliberalssay,2017,subm,9493
socialdemocracy,2017,subm,847
progressive,2017,subm,8116
political_revolution,2017,subm,15844
libertariansocialism,2017,subm,411
politics,2017,subm,472328
chapotraphouse2,2017,subm,151
chapotraphouse,2017,subm,50269
thenewright,2017,subm,9448
sandersforpresident,2017,subm,25232
antiwork,2017,subm,138
topmindsofreddit,2017,subm,26834
completeanarchy,2017,subm,12485
wayofthebern,2017,subm,35564
antifascistsofreddit,2017,subm,24
tuesday,2017,subm,654
politicalhumor,2017,subm,64745
shitpoliticssays,2017,subm,9075
bluemidterm2018,2017,subm,9589
the_mueller,2017,subm,1964
ndp,2017,subm,872
conservative,2017,subm,52198
impeach_trump,2017,subm,19447
elizabethwarren,2017,subm,172
againsthatesubreddits,2017,subm,5993
enlightenedcentrism,2017,subm,42
fuckthealtright,2017,subm,14955
enoughlibertarianspam,2017,subm,2293
tulsi,2017,subm,467
bluemidterm2018,2018,subm,30730
the_mueller,2018,subm,21667
conservative,2018,subm,67650
ndp,2018,subm,530
impeach_trump,2018,subm,11705
elizabethwarren,2018,subm,115
fuckthealtright,2018,subm,22778
enlightenedcentrism,2018,subm,2780
againsthatesubreddits,2018,subm,7253
tulsi,2018,subm,1506
enoughlibertarianspam,2018,subm,2602
sandersforpresident,2018,subm,16093
thenewright,2018,subm,14180
antiwork,2018,subm,895
completeanarchy,2018,subm,23542
topmindsofreddit,2018,subm,26716
beto2020,2018,subm,408
wayofthebern,2018,subm,37129
antifascistsofreddit,2018,subm,1242
tuesday,2018,subm,3064
shitpoliticssays,2018,subm,13612
politicalhumor,2018,subm,101111
anarchism,2018,subm,14560
ani_communism,2018,subm,912
socialistra,2018,subm,1530
anarchocommunism,2018,subm,410
communism,2018,subm,10157
conservatives,2018,subm,11577
progressive,2018,subm,6696
socialdemocracy,2018,subm,775
shitliberalssay,2018,subm,10915
political_revolution,2018,subm,11602
libertariansocialism,2018,subm,441
politics,2018,subm,421324
chapotraphouse,2018,subm,157315
chapotraphouse2,2018,subm,237
republican,2018,subm,8537
newpatriotism,2018,subm,875
metacanada,2018,subm,28248
conservativesonly,2018,subm,7833
louderwithcrowder,2018,subm,2529
democrat,2018,subm,576
anarchy101,2018,subm,2252
onguardforthee,2018,subm,9793
yangforpresidenthq,2018,subm,21
accidentallycommunist,2018,subm,407
the_donald,2018,subm,972444
libertarianleft,2018,subm,368
selfawarewolves,2018,subm,1178
voteblue,2018,subm,3180
iww,2018,subm,694
keep_track,2018,subm,1152
demsocialists,2018,subm,2249
fullcommunism,2018,subm,8440
debatecommunism,2018,subm,2542
liberal,2018,subm,6554
debateanarchism,2018,subm,603
pete_buttigieg,2018,subm,115
breadtube,2018,subm,4339
anarchosyndicalism,2018,subm,112
cringeanarchy,2018,subm,76991
pragerurine,2018,subm,285
circlebroke2,2018,subm,6561
conservativelounge,2018,subm,112
ourpresident,2018,subm,4152
democraticsocialism,2018,subm,1283
chomsky,2018,subm,2240
neoliberal,2018,subm,15820
stupidpol,2018,subm,2906
socialism_101,2018,subm,1666
communism101,2018,subm,5206
marchagainsttrump,2018,subm,7059
anarchafeminism,2018,subm,115
greenparty,2018,subm,1789
benshapiro,2018,subm,1381
bannedfromthe_donald,2018,subm,2793
socialism,2018,subm,20117
fragilewhiteredditor,2018,subm,1134
debateacommunist,2018,subm,418
ironfrontusa,2018,subm,588
leftwithoutedge,2018,subm,5033
rightwinglgbt,2018,subm,5065
latestagecapitalism,2018,subm,35526
centerleftpolitics,2018,subm,3121
paleoconservative,2018,subm,817
askaconservative,2018,subm,2069
esist,2018,subm,21850
toiletpaperusa,2018,subm,4124
circlebroke,2018,subm,356
shitthe_donaldSays,2018,subm,1096
enoughtrumpspam,2018,subm,28428
jordanpeterson,2018,subm,42976
askaliberal,2018,subm,3570
walkaway,2018,subm,2908
latestagesocialism,2018,subm,598
russialago,2018,subm,9216
threearrows,2018,subm,105
politicalhumor,2019,subm,124546
shitpoliticssays,2019,subm,11592
tuesday,2019,subm,4426
antifascistsofreddit,2019,subm,9156
beto2020,2019,subm,10686
wayofthebern,2019,subm,61376
completeanarchy,2019,subm,29254
topmindsofreddit,2019,subm,23379
antiwork,2019,subm,10468
thenewright,2019,subm,10577
sandersforpresident,2019,subm,50286
enoughlibertarianspam,2019,subm,2685
tulsi,2019,subm,9529
fuckthealtright,2019,subm,20157
againsthatesubreddits,2019,subm,9216
enlightenedcentrism,2019,subm,13447
elizabethwarren,2019,subm,6691
impeach_trump,2019,subm,12086
conservative,2019,subm,90560
ndp,2019,subm,1742
the_mueller,2019,subm,26573
bluemidterm2018,2019,subm,275
yangforpresidenthq,2019,subm,94767
onguardforthee,2019,subm,13764
anarchy101,2019,subm,4008
louderwithcrowder,2019,subm,7465
democrat,2019,subm,379
conservativesonly,2019,subm,8742
metacanada,2019,subm,31478
newpatriotism,2019,subm,978
republican,2019,subm,17813
chapotraphouse2,2019,subm,28666
chapotraphouse,2019,subm,274910
politics,2019,subm,354236
libertariansocialism,2019,subm,541
political_revolution,2019,subm,12586
shitliberalssay,2019,subm,13581
progressive,2019,subm,5100
socialdemocracy,2019,subm,1032
conservatives,2019,subm,14628
anarchocommunism,2019,subm,743
communism,2019,subm,14909
ani_communism,2019,subm,1710
socialistra,2019,subm,2768
anarchism,2019,subm,17053
socialism_101,2019,subm,3258
chomsky,2019,subm,3678
neoliberal,2019,subm,24185
stupidpol,2019,subm,15932
democraticsocialism,2019,subm,8275
ourpresident,2019,subm,6632
conservativelounge,2019,subm,48
moretankiechapo,2019,subm,11225
circlebroke2,2019,subm,6594
cringeanarchy,2019,subm,12016
pragerurine,2019,subm,1907
presidentialracememes,2019,subm,3418
pete_buttigieg,2019,subm,17975
breadtube,2019,subm,26323
anarchosyndicalism,2019,subm,99
debateanarchism,2019,subm,582
liberal,2019,subm,4781
debatecommunism,2019,subm,2017
fullcommunism,2019,subm,2667
demsocialists,2019,subm,2460
keep_track,2019,subm,1113
voteblue,2019,subm,13559
iww,2019,subm,1469
selfawarewolves,2019,subm,13061
libertarianleft,2019,subm,463
the_donald,2019,subm,817262
accidentallycommunist,2019,subm,1459
threearrows,2019,subm,259
russialago,2019,subm,8231
latestagesocialism,2019,subm,436
walkaway,2019,subm,3776
askaliberal,2019,subm,4958
enoughtrumpspam,2019,subm,15857
jordanpeterson,2019,subm,34430
shitthe_donaldSays,2019,subm,833
circlebroke,2019,subm,180
esist,2019,subm,12815
toiletpaperusa,2019,subm,10202
dankleft,2019,subm,7144
paleoconservative,2019,subm,405
askaconservative,2019,subm,3900
antifastonetoss,2019,subm,3623
latestagecapitalism,2019,subm,35517
centerleftpolitics,2019,subm,5474
rightwinglgbt,2019,subm,6689
leftwithoutedge,2019,subm,6999
ironfrontusa,2019,subm,1830
socialism,2019,subm,25172
fragilewhiteredditor,2019,subm,5473
debateacommunist,2019,subm,72
bannedfromthe_donald,2019,subm,2873
benshapiro,2019,subm,2280
greenparty,2019,subm,1963
anarchafeminism,2019,subm,116
marchagainsttrump,2019,subm,6815
communism101,2019,subm,8197
marchagainsttrump,2020,subm,3051
anarchafeminism,2020,subm,58
communism101,2020,subm,3646
bannedfromthe_donald,2020,subm,1846
greenparty,2020,subm,1676
benshapiro,2020,subm,743
leftwithoutedge,2020,subm,3083
ironfrontusa,2020,subm,971
socialism,2020,subm,12377
fragilewhiteredditor,2020,subm,6275
debateacommunist,2020,subm,54
latestagecapitalism,2020,subm,21605
centerleftpolitics,2020,subm,1874
rightwinglgbt,2020,subm,2477
circlebroke,2020,subm,70
esist,2020,subm,4217
toiletpaperusa,2020,subm,7009
dankleft,2020,subm,8710
paleoconservative,2020,subm,137
askaconservative,2020,subm,2322
antifastonetoss,2020,subm,1243
enoughtrumpspam,2020,subm,6254
jordanpeterson,2020,subm,11079
shitthe_donaldSays,2020,subm,171
threearrows,2020,subm,237
russialago,2020,subm,1726
askaliberal,2020,subm,2735
latestagesocialism,2020,subm,261
walkaway,2020,subm,1677
libertarianleft,2020,subm,416
accidentallycommunist,2020,subm,1003
the_donald,2020,subm,124635
voteblue,2020,subm,4074
iww,2020,subm,918
selfawarewolves,2020,subm,11841
fullcommunism,2020,subm,1130
debatecommunism,2020,subm,1301
keep_track,2020,subm,289
demsocialists,2020,subm,1328
debateanarchism,2020,subm,466
liberal,2020,subm,2684
pragerurine,2020,subm,1026
presidentialracememes,2020,subm,22082
pete_buttigieg,2020,subm,10506
anarchosyndicalism,2020,subm,94
breadtube,2020,subm,11356
circlebroke2,2020,subm,1606
ourpresident,2020,subm,12882
democraticsocialism,2020,subm,7649
conservativelounge,2020,subm,49
moretankiechapo,2020,subm,9895
socialism_101,2020,subm,2748
chomsky,2020,subm,2815
stupidpol,2020,subm,15910
neoliberal,2020,subm,26775
anarchism,2020,subm,8546
conservatives,2020,subm,7568
ani_communism,2020,subm,472
socialistra,2020,subm,2985
communism,2020,subm,6712
anarchocommunism,2020,subm,506
libertariansocialism,2020,subm,296
shitliberalssay,2020,subm,8260
progressive,2020,subm,2108
socialdemocracy,2020,subm,642
political_revolution,2020,subm,12335
politics,2020,subm,187217
chapotraphouse2,2020,subm,6108
chapotraphouse,2020,subm,162485
republican,2020,subm,9881
newpatriotism,2020,subm,434
conservativesonly,2020,subm,4507
metacanada,2020,subm,12171
louderwithcrowder,2020,subm,4538
democrat,2020,subm,282
anarchy101,2020,subm,3164
yangforpresidenthq,2020,subm,33727
onguardforthee,2020,subm,6961
the_mueller,2020,subm,8501
bluemidterm2018,2020,subm,3
impeach_trump,2020,subm,3657
elizabethwarren,2020,subm,6260
conservative,2020,subm,56890
ndp,2020,subm,381
enoughlibertarianspam,2020,subm,1416
tulsi,2020,subm,2715
fuckthealtright,2020,subm,6178
againsthatesubreddits,2020,subm,5956
enlightenedcentrism,2020,subm,5316
completeanarchy,2020,subm,9435
topmindsofreddit,2020,subm,7284
thenewright,2020,subm,5977
sandersforpresident,2020,subm,68713
antiwork,2020,subm,7632
antifascistsofreddit,2020,subm,4873
wayofthebern,2020,subm,49801
tuesday,2020,subm,1424
politicalhumor,2020,subm,83288
shitpoliticssays,2020,subm,5027
